Measurement & Data,Number & Operations in Base Ten,Number & Operations—Fractions,Operations & Algebraic Thinking
0.16666666666666666,-0.14285714285714285,0.04166666666666663,0.0
0.16666666666666666,0.14285714285714285,0.04166666666666663,0.050000000000000086
-0.04166666666666664,-0.09523809523809533,0.9583333333333334,-0.049999999999999954
0.12500000000000003,-0.09523809523809533,0.04166666666666663,0.5
