Measurement & Data,Number & Operations in Base Ten,Number & Operations—Fractions,Operations & Algebraic Thinking
0.0,-0.14285714285714285,0.0,0.0
0.041666666666666755,-0.047619047619047665,0.0,0.0
0.041666666666666755,-0.14285714285714285,0.8333333333333334,-0.049999999999999954
-0.04166666666666664,-0.09523809523809533,0.0,0.5
