Number & Operations in Base Ten,Number & Operations—Fractions,Operations & Algebraic Thinking
0.6562500000000001,-0.08000000000000007,0.14285714285714285
0.0,0.32,-0.07142857142857137
0.09375000000000003,0.12000000000000004,0.10714285714285718
