Measurement & Data,Number & Operations in Base Ten,Number & Operations—Fractions,Operations & Algebraic Thinking
-0.04166666666666664,-0.14285714285714285,0.0,-0.10526315789473689
-0.04166666666666664,-0.09523809523809533,0.0,-0.052631578947368515
-0.04166666666666664,-0.09523809523809533,0.0,-0.052631578947368515
-0.08333333333333327,-0.14285714285714285,0.0,-0.10526315789473689
