Number & Operations in Base Ten,Number & Operations—Fractions,Operations & Algebraic Thinking
0.031249999999999972,-0.08000000000000007,-0.10714285714285718
0.0,-0.08000000000000007,-0.07142857142857137
0.031249999999999972,-0.08000000000000007,-0.035714285714285685
