Number & Operations in Base Ten,Number & Operations—Fractions,Operations & Algebraic Thinking
0.375,-0.08000000000000007,0.0714285714285715
0.031249999999999972,0.16,-0.07142857142857137
0.031249999999999972,-0.039999999999999966,-0.035714285714285685
