grade,model,prompt,diagonal_mean,offdiag_mean
4,claude-sonnet-4-5-20250929,combined,0.32142857142857145,-0.032440476190476165
4,claude-sonnet-4-5-20250929,few_shot,-0.060541979949874675,-0.06317878028404343
4,claude-sonnet-4-5-20250929,rule_based,0.4419642857142857,0.0034722222222222086
5,claude-sonnet-4-5-20250929,combined,0.16642857142857148,-0.009583333333333317
5,claude-sonnet-4-5-20250929,few_shot,-0.0281547619047619,-0.05122023809523809
5,claude-sonnet-4-5-20250929,rule_based,0.36113095238095233,0.03419642857142858
