grade,model,prompt,precision,recall,f1
4,claude-sonnet-4-5-20250929,combined,0.9545454545454546,0.65625,0.7777777777777778
4,claude-sonnet-4-5-20250929,few_shot,1.0,0.03125,0.06060606060606061
4,claude-sonnet-4-5-20250929,rule_based,0.8787878787878788,0.90625,0.8923076923076922
5,claude-sonnet-4-5-20250929,combined,1.0,0.5833333333333334,0.7368421052631579
5,claude-sonnet-4-5-20250929,few_shot,1.0,0.08333333333333333,0.15384615384615385
5,claude-sonnet-4-5-20250929,rule_based,1.0,0.8333333333333334,0.9090909090909091
