grade,model,prompt,target_drop,off_target,controllability_score
4,claude-sonnet-4-5-20250929,combined,0.41004464285714287,0.05391156462585035,0.19353174603174603
4,claude-sonnet-4-5-20250929,few_shot,-0.022057095864661674,0.05075187969924814,-0.035447994987468694
4,claude-sonnet-4-5-20250929,rule_based,0.5440104166666666,0.07725340136054423,0.25408730158730164
5,claude-sonnet-4-5-20250929,combined,0.23251488095238096,0.048531746031746016,0.11206632653061224
5,claude-sonnet-4-5-20250929,few_shot,-0.010714285714285725,0.057440476190476195,-0.030739795918367358
5,claude-sonnet-4-5-20250929,rule_based,0.39119047619047614,0.07279761904761904,0.19233843537414969
