grade,model,prompt,target_drop,off_target,selectivity
4,claude-sonnet-4-5-20250929,combined,0.3841798941798942,0.05584656084656085,0.8730836269462777
4,claude-sonnet-4-5-20250929,few_shot,-0.034354984683932076,0.045095377332219445,-3.1986709062018615
4,claude-sonnet-4-5-20250929,rule_based,0.5229232804232804,0.07350529100529103,0.8767575944492598
5,claude-sonnet-4-5-20250929,combined,0.1991921768707483,0.03915816326530611,0.8357117339179558
5,claude-sonnet-4-5-20250929,few_shot,-0.022329931972789124,0.04743622448979593,-0.8894157139389374
5,claude-sonnet-4-5-20250929,rule_based,0.37777210884353746,0.05730867346938777,0.8682803822476126
