Skill 1,Skill 2,Skill 3,Skill 4
0.4720000000000001,0.07826086956521745,-0.047619047619047575,0.10000000000000005
0.007999999999999995,0.5130434782608696,0.0,0.0
0.03199999999999998,0.04347826086956525,0.2857142857142857,0.0
0.007999999999999995,0.07826086956521745,-0.03809523809523806,0.18000000000000005
