Skill 1,Skill 2,Skill 3,Skill 4
0.18333333333333338,0.04347826086956525,-0.04545454545454554,0.08181818181818176
0.0,0.1739130434782609,-0.03636363636363643,0.036363636363636334
0.0333333333333334,0.04347826086956525,-0.03636363636363643,0.08181818181818175
-0.03333333333333331,0.04347826086956525,-0.04545454545454554,0.5272727272727272
