grade,model,prompt,Controllability Score,RMSE,MSE Accuracy,Target Drop,Off-Target Influence
4,deepseek-chat,combined,0.17429993001487185,0.44860262385203964,0.10953961504893928,0.36490168061509154,0.022783950077275246
4,deepseek-chat,few_shot,-0.0010939152702777936,0.6878795975504595,0.010719386569251138,0.014557056877938691,0.016415727566982927
4,deepseek-chat,rule_based,0.0977008294828258,0.5534066412895693,0.07297852020075746,0.2276805872565211,0.04619139960536166
