grade,model,controllability_score
4,claude-sonnet-4-5-20250929,0.17221104404202994
4,deepseek-chat,0.17429993001487185
4,gpt-4o,0.31482756835128417
5,claude-sonnet-4-5-20250929,0.11898361495135688
5,deepseek-chat,0.25372072558163433
5,gpt-4o,0.2047363031233999
