grade,model,rmse
4,claude-sonnet-4-5-20250929,0.37709094662352904
4,deepseek-chat,0.44860262385203964
4,gpt-4o,0.2345167232297135
5,claude-sonnet-4-5-20250929,0.4305159005907754
5,deepseek-chat,0.3504229391386805
5,gpt-4o,0.40406729484028725
