Number & Operations in Base Ten,Number & Operations—Fractions,Operations & Algebraic Thinking
0.3333333333333333,0.1166666666666667,-0.04
-0.009523809523809514,0.4166666666666667,0.009999999999999992
-0.03809523809523809,-0.01666666666666662,0.4000000000000001
