Measurement & Data,Number & Operations in Base Ten,Number & Operations—Fractions,Operations & Algebraic Thinking
0.6285714285714286,-0.026666666666666693,-0.8166666666666667,0.4444444444444445
0.5047619047619047,0.8666666666666666,-0.4,0.33333333333333337
0.40952380952380957,0.43999999999999995,0.9166666666666666,0.47777777777777775
0.4666666666666667,0.26666666666666666,2.2204460492503132e-17,0.711111111111111
