Measurement & Data,Number & Operations in Base Ten,Number & Operations—Fractions,Operations & Algebraic Thinking
0.7529411764705882,0.17333333333333328,-0.059999999999999956,0.012499999999999989
0.011764705882352932,0.43999999999999995,0.030000000000000047,0.062499999999999944
0.011764705882352932,0.14666666666666664,0.65,-0.050000000000000086
0.07058823529411766,0.10666666666666662,0.04000000000000007,0.65
