grade,model,mean_acc,std_acc
4,claude-sonnet-4-5-20250929,0.3984848484848485,0.014839176567113437
4,deepseek-chat,0.7132575757575758,0.009024720104006075
4,gpt-4o,0.43156565656565654,0.014071847327755339
5,claude-sonnet-4-5-20250929,0.2803030303030303,0.010394750616689145
5,deepseek-chat,0.675,0.007145007140226492
5,gpt-4o,0.40505050505050505,0.010699755189665597
