grade,model,diagonal_mean,offdiag_mean
4,claude-sonnet-4-5-20250929,0.017037037037037017,0.36407407407407405
4,deepseek-chat,0.026086956521739132,0.14910282953761217
4,gpt-4o,0.05111111111111107,0.20861111111111108
5,claude-sonnet-4-5-20250929,0.5275,0.77
5,deepseek-chat,0.02174432497013145,0.3851851851851852
5,gpt-4o,0.0633333333333333,0.18833333333333335
