grade,model,profile_fidelity_rmse
4,claude-sonnet-4-5-20250929,0.2629298300890533
4,deepseek-chat,0.39816946452252694
4,gpt-4o,0.16239359063624872
5,claude-sonnet-4-5-20250929,0.2302623952238632
5,deepseek-chat,0.3258801606221437
5,gpt-4o,0.2179852835213245
