grade,model,precision,recall,f1
4,claude-sonnet-4-5-20250929,0.6238938053097345,0.9791666666666666,0.762162162162162
4,deepseek-chat,1.0,0.9375,0.967741935483871
4,gpt-4o,0.935064935064935,1.0,0.9664429530201343
5,claude-sonnet-4-5-20250929,0.5402298850574713,0.9791666666666666,0.6962962962962962
5,deepseek-chat,1.0,1.0,1.0
5,gpt-4o,0.96,1.0,0.9795918367346939
