grade,model,target_drop,off_target,controllability_score
4,claude-sonnet-4-5-20250929,0.6898148148148149,0.36018140589569153,0.17221104404202994
4,deepseek-chat,0.3680163043478261,0.024951197870452534,0.17429993001487182
4,gpt-4o,0.6947372004357298,0.07593662464985992,0.31482756835128417
5,claude-sonnet-4-5-20250929,0.632217261904762,0.4284656084656085,0.11898361495135693
5,deepseek-chat,0.5089325716845878,0.018505243594849362,0.25372072558163433
5,gpt-4o,0.4435019841269841,0.04994708994708995,0.20473630312339988
