grade,model,target_drop,off_target,selectivity
4,claude-sonnet-4-5-20250929,0.7023539384454878,0.36143714136671884,0.660236724215848
4,deepseek-chat,0.36490168061509154,0.022783950077275246,0.9412308602260643
4,gpt-4o,0.680398485685354,0.07651316395102642,0.8989140081452079
5,claude-sonnet-4-5-20250929,0.6699308755760368,0.37937788018433183,0.638449713928223
5,deepseek-chat,0.512717430403001,0.016938374378540906,0.9680200326445072
5,gpt-4o,0.4256400409626216,0.04804147465437788,0.8985785301535792
