grade,model,mean_efficiency,pct_overshoot
4,claude-sonnet-4-5-20250929,1.1780753968253967,48.61111111111111
4,deepseek-chat,0.5084944085876921,0.6944444444444444
4,gpt-4o,1.1045965608465607,70.13888888888889
5,claude-sonnet-4-5-20250929,1.027377972465582,46.875
5,deepseek-chat,0.7083362251783304,10.416666666666668
5,gpt-4o,0.9698512028925047,39.58333333333333
