Number & Operations in Base Ten,Number & Operations—Fractions,Operations & Algebraic Thinking
0.8709677419354839,0.07999999999999993,0.03448275862068963
0.0,0.8,0.03448275862068963
0.0,0.0,0.7931034482758621
