Number & Operations in Base Ten,Number & Operations—Fractions,Operations & Algebraic Thinking
0.125,-0.3333333333333333,-0.5624999999999999
-1.7499999999999998,-1.6666666666666667,-0.5624999999999999
-2.0,-2.3333333333333335,0.5624999999999999
