Measurement & Data,Number & Operations in Base Ten,Number & Operations—Fractions,Operations & Algebraic Thinking
0.9130434782608696,0.0,0.04166666666666663,0.0
0.0,0.9565217391304347,0.0,0.0
0.04347826086956519,0.0,1.0,0.052631578947368376
0.04347826086956519,0.0,0.04166666666666663,0.7894736842105263
