Number & Operations in Base Ten,Number & Operations—Fractions,Operations & Algebraic Thinking
0.8260869565217391,0.0,-0.05263157894736837
0.043478260869565334,0.09090909090909083,0.0
-0.043478260869565175,-0.18181818181818182,0.631578947368421
