Measurement & Data,Number & Operations in Base Ten,Number & Operations—Fractions,Operations & Algebraic Thinking
0.7222222222222222,0.0,0.11111111111111116,0.0
0.1666666666666667,0.7857142857142857,0.16666666666666666,-0.06666666666666661
0.22222222222222224,0.14285714285714296,0.5,0.06666666666666661
0.11111111111111104,0.07142857142857148,0.11111111111111116,0.8666666666666666
