Measurement & Data,Number & Operations in Base Ten,Number & Operations—Fractions,Operations & Algebraic Thinking
0.8125,-0.16666666666666682,-0.2999999999999999,0.0
-0.4374999999999999,0.1666666666666666,-0.5999999999999999,-0.06666666666666661
-0.4374999999999999,-0.5,0.7000000000000001,0.0
-0.5625,-1.1666666666666667,-0.49999999999999994,0.8666666666666666
