grade,model,prompt,Controllability Score,RMSE,MSE Accuracy,Target Drop,Off-Target Influence
4,claude-sonnet-4-5-20250929,explicit_decision,0.47908244342740913,0.07800723694841774,0.4756662387683541,0.9178108314263921,0.01975485210611068
4,deepseek-chat,explicit_decision,0.030694444444444444,0.6483701975927084,0.4413348975454745,0.5379398148148148,0.5363888888888888
4,gpt-4o,explicit_decision,0.2957671957671958,0.2747366418365446,0.3947408051172474,0.6636331569664903,0.1064726631393298
5,claude-sonnet-4-5-20250929,explicit_decision,0.476804915514593,0.12087060930876424,0.4501289955835411,0.8424164415488109,0.01635467980295565
5,deepseek-chat,explicit_decision,-0.7926587301587303,1.5811939063185592,0.4483799029253575,-0.3462301587301587,1.2886904761904763
5,gpt-4o,explicit_decision,0.2589081399150049,0.40821592214842267,0.44680571953299225,0.5093019109037416,0.062096941959642174
