grade,model,prompt,diagonal_mean,offdiag_mean
4,claude-sonnet-4-5-20250929,explicit_decision,0.9147597254004578,0.01857678616831931
4,deepseek-chat,explicit_decision,0.6364583333333333,-0.39479166666666665
4,gpt-4o,explicit_decision,0.7186507936507937,0.09193121693121692
5,claude-sonnet-4-5-20250929,explicit_decision,0.821357063403782,0.024827586206896516
5,deepseek-chat,explicit_decision,-0.32638888888888895,-1.2569444444444444
5,gpt-4o,explicit_decision,0.5161916649330837,-0.03907496012759165
