grade,model,prompt,target_drop,off_target,selectivity
4,claude-sonnet-4-5-20250929,explicit_decision,0.9178108314263921,0.01975485210611068,0.9789296329505052
4,deepseek-chat,explicit_decision,0.5379398148148148,0.5363888888888888,0.5007218111734032
4,gpt-4o,explicit_decision,0.6636331569664903,0.1064726631393298,0.861742813492252
5,claude-sonnet-4-5-20250929,explicit_decision,0.8424164415488109,0.01635467980295565,0.9809557163983718
5,deepseek-chat,explicit_decision,-0.3462301587301587,1.2886904761904763,-0.3673684206628343
5,gpt-4o,explicit_decision,0.5093019109037416,0.062096941959642174,0.8913246980812303
