Measurement & Data,Number & Operations in Base Ten,Number & Operations—Fractions,Operations & Algebraic Thinking
0.5647058823529412,0.275,0.16470588235294117,0.17499999999999993
0.4117647058823529,0.35,0.1058823529411765,0.2875
0.47058823529411764,0.675,0.9176470588235295,0.35
0.6470588235294118,0.85,0.211764705882353,0.6375
