Measurement & Data,Number & Operations in Base Ten,Number & Operations—Fractions,Operations & Algebraic Thinking
0.08695652173913038,-0.13333333333333347,-0.09090909090909095,-0.021052631578947406
0.23478260869565215,0.2,-0.09090909090909095,0.052631578947368376
0.034782608695652154,-0.13333333333333347,0.09090909090909083,0.010526315789473675
0.1478260869565217,-0.29333333333333345,-0.09090909090909095,0.5263157894736842
