Number & Operations in Base Ten,Number & Operations—Fractions,Operations & Algebraic Thinking
0.8476190476190475,0.475,0.5900000000000001
0.7047619047619048,0.95,0.58
0.3333333333333333,0.325,0.4800000000000001
