grade,model,prompt,mean_acc,std_acc
4,claude-sonnet-4-5-20250929,combined,0.3984848484848485,0.014839176567113437
4,claude-sonnet-4-5-20250929,few_shot,0.6871212121212121,0.00981422756676021
4,claude-sonnet-4-5-20250929,rule_based,0.1987373737373737,0.00977021032632932
5,claude-sonnet-4-5-20250929,combined,0.2803030303030303,0.010394750616689145
5,claude-sonnet-4-5-20250929,few_shot,0.7464646464646465,0.00963062404046946
5,claude-sonnet-4-5-20250929,rule_based,0.10075757575757575,0.004937089299948829
