grade,model,prompt,Controllability Score,RMSE,MSE Accuracy,Target Drop,Off-Target Influence
4,claude-sonnet-4-5-20250929,combined,0.17221104404202994,0.37709094662352904,0.42576643464501673,0.7023539384454878,0.36143714136671884
4,claude-sonnet-4-5-20250929,few_shot,0.06216022994635169,0.5494622074125484,0.12949097772036558,0.26142773010017667,0.157576636575573
4,claude-sonnet-4-5-20250929,rule_based,0.17067108533554268,0.4416624938634109,0.7053799914460465,0.8272490334161834,0.5934306821320077
5,claude-sonnet-4-5-20250929,combined,0.11898361495135688,0.4305159005907754,0.6015975986650474,0.6699308755760368,0.37937788018433183
5,claude-sonnet-4-5-20250929,few_shot,-0.09297897740433685,0.7200636516562764,0.07156610089161408,0.031235231280794258,0.207582541496654
5,claude-sonnet-4-5-20250929,rule_based,0.15627240143369175,0.4077766324460507,0.8408128202849611,0.7702508960573476,0.41236559139784945
