Measurement & Data,Number & Operations in Base Ten,Number & Operations—Fractions,Operations & Algebraic Thinking
0.7499999999999999,-0.0454545454545455,0.17391304347826095,0.0
0.041666666666666755,0.5909090909090909,0.2173913043478261,0.0
0.041666666666666755,-0.0454545454545455,0.9130434782608695,0.0
0.0,0.0,0.3478260869565218,0.8999999999999999
