Number & Operations in Base Ten,Number & Operations—Fractions,Operations & Algebraic Thinking
0.8260869565217391,0.2142849285706429,-1.000000999957591e-06
0.043478260869565334,0.28571357142785714,0.04999904999904999
-0.043478260869565175,0.07142764285621434,0.64999964999965
