Measurement & Data,Number & Operations in Base Ten,Number & Operations—Fractions,Operations & Algebraic Thinking
0.7222222222222222,0.0,0.30410577592205984,0.0
0.1666666666666667,0.7857142857142857,0.3475991649269311,-0.06666666666666661
0.22222222222222224,0.14285714285714296,0.6085594989561587,0.06666666666666661
0.11111111111111104,0.07142857142857148,0.30410577592205984,0.8666666666666666
