Number & Operations in Base Ten,Number & Operations—Fractions,Operations & Algebraic Thinking
0.625,0.0,-0.103448275862069
0.0,0.7037037037037037,-0.103448275862069
0.0,-0.037037037037037,0.6206896551724137
