grade,model,prompt,diagonal_mean,offdiag_mean
4,claude-sonnet-4-5-20250929,explicit_decision,0.9147597254004578,0.01857678616831931
4,deepseek-chat,explicit_decision,0.7884881422924901,0.0609628897672376
4,gpt-4o,explicit_decision,0.7457906683898333,0.13917470258806375
5,claude-sonnet-4-5-20250929,explicit_decision,0.821357063403782,0.024827586206896516
5,deepseek-chat,explicit_decision,0.6497977862920391,-0.0406555981268625
5,gpt-4o,explicit_decision,0.587266725983082,0.055951770237484565
