grade,model,prompt,target_drop,off_target,controllability_score
4,claude-sonnet-4-5-20250929,explicit_decision,0.9191218535469108,0.02381973956630706,0.4790824434274092
4,deepseek-chat,explicit_decision,0.7837018280632411,0.07641986636551856,0.38231170399648656
4,gpt-4o,explicit_decision,0.6800465793485104,0.1589177424623294,0.2885298958367851
5,claude-sonnet-4-5-20250929,explicit_decision,0.8501557285873194,0.020996168582375463,0.4768049155145929
5,deepseek-chat,explicit_decision,0.6355796349510431,0.03859798495813823,0.3466463692756796
5,gpt-4o,explicit_decision,0.576060703389896,0.07732902349879575,0.29603653472331376
