model,mean_expected_drop,mean_actual_drop,mean_score,std_score,n_profiles
claude-sonnet-4-5-20250929,0.1,0.018166292448354802,0.08183370755164518,0.023510092807520755,14
deepseek-chat,0.1,0.059817252773813556,0.040182747226186435,0.07294934695938429,14
gpt-4o,0.1,0.13860430078798172,-0.03860430078798175,0.10229160319112893,14
