model,mean_expected_drop,mean_actual_drop,mean_score,std_score,n_profiles
claude-sonnet-4-5-20250929,0.16666666666666666,0.018703703703703688,0.14796296296296294,0.040621205109237536,6
deepseek-chat,0.16666666666666666,-0.03719153080745382,0.2038581974741204,0.05230490689564247,6
gpt-4o,0.16666666666666666,0.024527615250174644,0.14213905141649197,0.11436238391993112,6
