Number & Operations in Base Ten,Number & Operations—Fractions,Operations & Algebraic Thinking
0.35625,0.06896551724137925,-0.0258064516129032
0.0,0.24137931034482762,-0.032258064516129004
0.0,0.06206896551724132,0.18709677419354845
