Number & Operations in Base Ten,Number & Operations—Fractions,Operations & Algebraic Thinking
0.0,0.03448275862068963,-0.032258064516129004
0.0,0.055172413793103406,-0.032258064516129004
0.0,0.12413793103448274,-0.032258064516129004
