Measurement & Data,Number & Operations in Base Ten,Number & Operations—Fractions,Operations & Algebraic Thinking
0.7777777777777777,0.15714285714285725,-0.09523809523809526,-0.06666666666666661
0.1333333333333333,0.7285714285714286,-0.09523809523809525,-0.1333333333333334
0.13333333333333333,0.02857142857142859,0.49523809523809526,-0.06666666666666661
0.13333333333333336,0.04285714285714293,-0.0761904761904762,0.9333333333333333
