Measurement & Data,Number & Operations in Base Ten,Number & Operations—Fractions,Operations & Algebraic Thinking
0.0,-0.0818181818181818,0.0,0.0
0.0,-0.0090909090909091,0.0,0.0
0.007999999999999995,-0.0454545454545455,0.0,0.0
0.0,-0.054545454545454564,0.0,0.047619047619047575
