Number & Operations in Base Ten,Number & Operations—Fractions,Operations & Algebraic Thinking
0.638095238095238,0.17142857142857143,0.10909090909090904
-0.03809523809523809,0.30000000000000004,0.08181818181818175
-0.07619047619047618,0.014285714285714323,0.5727272727272726
