Measurement & Data,Number & Operations in Base Ten,Number & Operations—Fractions,Operations & Algebraic Thinking
0.11999999999999993,-0.015384615384615396,-0.029999999999999978,-0.012500000000000022
-0.053333333333333455,0.09230769230769234,0.050000000000000086,-3.3306690738754695e-17
-0.06666666666666682,-0.07692307692307694,0.04000000000000005,-0.11250000000000007
0.0,-0.030769230769230792,0.08000000000000003,0.24999999999999994
