Number & Operations in Base Ten,Number & Operations—Fractions,Operations & Algebraic Thinking
0.45,0.03703703703703714,0.0
0.0,0.7703703703703704,0.006451612903225823
0.0,0.06666666666666674,0.3548387096774194
