Number & Operations in Base Ten,Number & Operations—Fractions,Operations & Algebraic Thinking
0.9,0.6666666666666666,0.7
0.68,1.0,0.7
0.21999999999999997,0.26666666666666666,0.7
