Number & Operations in Base Ten,Number & Operations—Fractions,Operations & Algebraic Thinking
0.09473684210526326,-0.033333333333333305,-0.052631578947368376
-0.1368421052631578,2.7755575615628914e-17,0.052631578947368564
-0.06315789473684205,3.053113317719181e-17,0.16842105263157903
