Number & Operations in Base Ten,Number & Operations—Fractions,Operations & Algebraic Thinking
0.3130434782608696,-0.2210526315789473,-0.04137931034482757
-0.208695652173913,-0.19999999999999996,-0.0413793103448276
-0.3391304347826086,-0.28421052631578936,0.17931034482758618
